Query,Time,Value,Unit
"text=""Barack Obama""",2011-01-17,54,seconds
"text=""Barack Obama""",2011-01-18,84.429,seconds
"text=""Barack Obama""",2011-01-19,67,seconds
"text=""Barack Obama""",2011-01-20,75,seconds
"text=""Barack Obama""",2011-01-21,82,seconds
"text=""Barack Obama""",2011-01-22,13,seconds
"text=""Barack Obama""",2011-01-23,43,seconds
"text=""Barack Obama""",2011-01-24,72,seconds
"text=""Barack Obama""",2011-01-25,70,seconds
"text=""Barack Obama""",2011-01-26,63,seconds
"text=""Barack Obama""",2011-01-27,54,seconds
"text=""Barack Obama""",2011-01-28,54,seconds
"text=""Barack Obama""",2011-01-29,19,seconds
"text=""Barack Obama""",2011-01-30,5,seconds
"text=""Barack Obama""",2011-01-31,25,seconds
"text=""Barack Obama""",2011-02-01,36.740,seconds
"text=""Barack Obama""",2011-02-02,39,seconds
"text=""Barack Obama""",2011-02-03,33,seconds
"text=""Barack Obama""",2011-02-04,36,seconds
"text=""Barack Obama""",2011-02-05,6,seconds
"text=""Barack Obama""",2011-02-06,16,seconds
"text=""Barack Obama""",2011-02-07,42,seconds
"text=""Barack Obama""",2011-02-08,59,seconds
"text=""Barack Obama""",2011-02-09,65,seconds
"text=""Barack Obama""",2011-02-10,53,seconds
"text=""Barack Obama""",2011-02-11,40,seconds
"text=""Barack Obama""",2011-02-12,28,seconds
"text=""Barack Obama""",2011-02-13,26,seconds
"text=""Barack Obama""",2011-02-14,38,seconds
"text=""Barack Obama""",2011-02-15,49,seconds
"text=""Barack Obama""",2011-02-16,43,seconds
"text=""Barack Obama""",2011-02-17,38,seconds
"text=""Barack Obama""",2011-02-18,28,seconds
"text=""Barack Obama""",2011-02-19,9,seconds
"text=""Barack Obama""",2011-02-20,6,seconds
"text=""Barack Obama""",2011-02-21,37,seconds
"text=""Barack Obama""",2011-02-22,35,seconds
"text=""Barack Obama""",2011-02-23,28,seconds
"text=""Barack Obama""",2011-02-24,27,seconds
"text=""Barack Obama""",2011-02-25,43,seconds
"text=""Barack Obama""",2011-02-26,16,seconds
"text=""Barack Obama""",2011-02-27,17,seconds
"text=""Barack Obama""",2011-02-28,40,seconds
"text=""Barack Obama""",2011-03-01,40,seconds
"text=""Barack Obama""",2011-03-02,72,seconds
"text=""Barack Obama""",2011-03-03,102,seconds
"text=""Barack Obama""",2011-03-04,46,seconds
"text=""Barack Obama""",2011-03-05,14,seconds
"text=""Barack Obama""",2011-03-06,10,seconds
"text=""Barack Obama""",2011-03-07,35,seconds
"text=""Barack Obama""",2011-03-08,51,seconds
"text=""Barack Obama""",2011-03-09,37,seconds
"text=""Barack Obama""",2011-03-10,45,seconds
"text=""Barack Obama""",2011-03-11,20,seconds
"text=""Barack Obama""",2011-03-12,8,seconds
"text=""Barack Obama""",2011-03-13,3,seconds
"text=""Barack Obama""",2011-03-14,6,seconds
"text=""Barack Obama""",2011-03-15,22,seconds
"text=""Barack Obama""",2011-03-16,37,seconds
"text=""Barack Obama""",2011-03-17,59,seconds
"text=""Barack Obama""",2011-03-18,41,seconds
"text=""Barack Obama""",2011-03-19,26,seconds
"text=""Barack Obama""",2011-03-20,9,seconds
"text=""Barack Obama""",2011-03-21,64,seconds
"text=""Barack Obama""",2011-03-22,79,seconds
"text=""Barack Obama""",2011-03-23,58,seconds
"text=""Barack Obama""",2011-03-24,33,seconds
"text=""Barack Obama""",2011-03-25,17,seconds
"text=""Barack Obama""",2011-03-26,23,seconds
"text=""Barack Obama""",2011-03-27,25,seconds
"text=""Barack Obama""",2011-03-28,53,seconds
"text=""Barack Obama""",2011-03-29,69,seconds
"text=""Barack Obama""",2011-03-30,55,seconds
"text=""Barack Obama""",2011-03-31,50.472,seconds
"text=""Barack Obama""",2011-04-01,65,seconds
"text=""Barack Obama""",2011-04-02,16,seconds
"text=""Barack Obama""",2011-04-03,31,seconds
"text=""Barack Obama""",2011-04-04,65.568,seconds
"text=""Barack Obama""",2011-04-05,55.822,seconds
"text=""Barack Obama""",2011-04-06,29,seconds
"text=""Barack Obama""",2011-04-07,37,seconds
"text=""Barack Obama""",2011-04-08,27,seconds
"text=""Barack Obama""",2011-04-09,10,seconds
"text=""Barack Obama""",2011-04-10,22,seconds
"text=""Barack Obama""",2011-04-11,25,seconds
"text=""Barack Obama""",2011-04-12,34,seconds
"text=""Barack Obama""",2011-04-13,29,seconds
"text=""Barack Obama""",2011-04-14,64,seconds
"text=""Barack Obama""",2011-04-15,124,seconds
"text=""Barack Obama""",2011-04-16,68.015,seconds
"text=""Barack Obama""",2011-04-17,36,seconds
"text=""Barack Obama""",2011-04-18,73,seconds
"text=""Barack Obama""",2011-04-19,86,seconds
"text=""Barack Obama""",2011-04-20,55,seconds
"text=""Barack Obama""",2011-04-21,94,seconds
"text=""Barack Obama""",2011-04-22,56,seconds
"text=""Barack Obama""",2011-04-23,27,seconds
"text=""Barack Obama""",2011-04-24,16,seconds
"text=""Barack Obama""",2011-04-25,94,seconds
"text=""Barack Obama""",2011-04-26,214.207,seconds
"text=""Barack Obama""",2011-04-27,260.875,seconds
"text=""Barack Obama""",2011-04-28,113,seconds
"text=""Barack Obama""",2011-04-29,12,seconds
"text=""Barack Obama""",2011-04-30,27,seconds
"text=""Barack Obama""",2011-05-01,44,seconds
"text=""Barack Obama""",2011-05-02,41,seconds
"text=""Barack Obama""",2011-05-03,61,seconds
"text=""Barack Obama""",2011-05-04,41,seconds
"text=""Barack Obama""",2011-05-05,15,seconds
"text=""Barack Obama""",2011-05-06,33,seconds
"text=""Barack Obama""",2011-05-07,16,seconds
"text=""Barack Obama""",2011-05-08,18,seconds
"text=""Barack Obama""",2011-05-09,58,seconds
"text=""Barack Obama""",2011-05-10,57,seconds
"text=""Barack Obama""",2011-05-11,53.034,seconds
"text=""Barack Obama""",2011-05-12,59,seconds
"text=""Barack Obama""",2011-05-13,39,seconds
"text=""Barack Obama""",2011-05-14,19,seconds
"text=""Barack Obama""",2011-05-15,30,seconds
"text=""Barack Obama""",2011-05-16,74.859,seconds
"text=""Barack Obama""",2011-05-17,75,seconds
"text=""Barack Obama""",2011-05-18,59,seconds
"text=""Barack Obama""",2011-05-19,73,seconds
"text=""Barack Obama""",2011-05-20,68,seconds
"text=""Barack Obama""",2011-05-21,22,seconds
"text=""Barack Obama""",2011-05-22,37,seconds
"text=""Barack Obama""",2011-05-23,90.253,seconds
"text=""Barack Obama""",2011-05-24,60,seconds
"text=""Barack Obama""",2011-05-25,52,seconds
"text=""Barack Obama""",2011-05-26,45,seconds
"text=""Barack Obama""",2011-05-27,60,seconds
"text=""Barack Obama""",2011-05-28,34,seconds
"text=""Barack Obama""",2011-05-29,35.670,seconds
"text=""Barack Obama""",2011-05-30,35.751,seconds
"text=""Barack Obama""",2011-05-31,62,seconds
"text=""Barack Obama""",2011-06-01,51,seconds
"text=""Barack Obama""",2011-06-02,119,seconds
"text=""Barack Obama""",2011-06-03,79,seconds
"text=""Barack Obama""",2011-06-04,31,seconds
"text=""Barack Obama""",2011-06-05,35,seconds
"text=""Barack Obama""",2011-06-06,33,seconds
"text=""Barack Obama""",2011-06-07,56,seconds
"text=""Barack Obama""",2011-06-08,43,seconds
"text=""Barack Obama""",2011-06-09,40,seconds
"text=""Barack Obama""",2011-06-10,62,seconds
"text=""Barack Obama""",2011-06-11,31,seconds
"text=""Barack Obama""",2011-06-12,45,seconds
"text=""Barack Obama""",2011-06-13,93,seconds
"text=""Barack Obama""",2011-06-14,78,seconds
"text=""Barack Obama""",2011-06-15,78,seconds
"text=""Barack Obama""",2011-06-16,39,seconds
"text=""Barack Obama""",2011-06-17,72,seconds
"text=""Barack Obama""",2011-06-18,43,seconds
"text=""Barack Obama""",2011-06-19,26,seconds
"text=""Barack Obama""",2011-06-20,80,seconds
"text=""Barack Obama""",2011-06-21,55,seconds
"text=""Barack Obama""",2011-06-22,56,seconds
"text=""Barack Obama""",2011-06-23,51.870,seconds
"text=""Barack Obama""",2011-06-24,24,seconds
"text=""Barack Obama""",2011-06-25,16,seconds
"text=""Barack Obama""",2011-06-26,21,seconds
"text=""Barack Obama""",2011-06-27,94,seconds
"text=""Barack Obama""",2011-06-28,101,seconds
"text=""Barack Obama""",2011-06-29,71,seconds
"text=""Barack Obama""",2011-06-30,71.750,seconds
"text=""Barack Obama""",2011-07-01,66,seconds
"text=""Barack Obama""",2011-07-02,22,seconds
"text=""Barack Obama""",2011-07-03,5,seconds
"text=""Barack Obama""",2011-07-04,9,seconds
"text=""Barack Obama""",2011-07-05,21,seconds
"text=""Barack Obama""",2011-07-06,26,seconds
"text=""Barack Obama""",2011-07-07,34,seconds
"text=""Barack Obama""",2011-07-08,32,seconds
"text=""Barack Obama""",2011-07-09,19,seconds
"text=""Barack Obama""",2011-07-10,13,seconds
"text=""Barack Obama""",2011-07-11,30,seconds
"text=""Barack Obama""",2011-07-12,40,seconds
"text=""Barack Obama""",2011-07-13,65,seconds
"text=""Barack Obama""",2011-07-14,98,seconds
"text=""Barack Obama""",2011-07-15,44,seconds
"text=""Barack Obama""",2011-07-16,18,seconds
"text=""Barack Obama""",2011-07-17,10,seconds
"text=""Barack Obama""",2011-07-18,58,seconds
"text=""Barack Obama""",2011-07-19,50,seconds
"text=""Barack Obama""",2011-07-20,40,seconds
"text=""Barack Obama""",2011-07-21,60,seconds
"text=""Barack Obama""",2011-07-22,40,seconds
"text=""Barack Obama""",2011-07-23,9,seconds
"text=""Barack Obama""",2011-07-24,11,seconds
"text=""Barack Obama""",2011-07-25,42,seconds
"text=""Barack Obama""",2011-07-26,45.590,seconds
"text=""Barack Obama""",2011-07-27,88,seconds
"text=""Barack Obama""",2011-07-28,57,seconds
"text=""Barack Obama""",2011-07-29,41,seconds
"text=""Barack Obama""",2011-07-30,16,seconds
"text=""Barack Obama""",2011-07-31,20,seconds
"text=""Barack Obama""",2011-08-01,63,seconds
"text=""Barack Obama""",2011-08-02,72,seconds
"text=""Barack Obama""",2011-08-03,52,seconds
"text=""Barack Obama""",2011-08-04,90,seconds
"text=""Barack Obama""",2011-08-05,73,seconds
"text=""Barack Obama""",2011-08-06,9,seconds
"text=""Barack Obama""",2011-08-07,19,seconds
"text=""Barack Obama""",2011-08-08,58,seconds
"text=""Barack Obama""",2011-08-09,70,seconds
"text=""Barack Obama""",2011-08-10,52,seconds
"text=""Barack Obama""",2011-08-11,86,seconds
"text=""Barack Obama""",2011-08-12,266,seconds
"text=""Barack Obama""",2011-08-13,130.648,seconds
"text=""Barack Obama""",2011-08-14,94,seconds
"text=""Barack Obama""",2011-08-15,107,seconds
"text=""Barack Obama""",2011-08-16,89,seconds
"text=""Barack Obama""",2011-08-17,87,seconds
"text=""Barack Obama""",2011-08-18,67,seconds
"text=""Barack Obama""",2011-08-19,87,seconds
"text=""Barack Obama""",2011-08-20,43,seconds
"text=""Barack Obama""",2011-08-21,15,seconds
"text=""Barack Obama""",2011-08-22,46,seconds
"text=""Barack Obama""",2011-08-23,47,seconds
"text=""Barack Obama""",2011-08-24,45,seconds
"text=""Barack Obama""",2011-08-25,40,seconds
"text=""Barack Obama""",2011-08-26,17,seconds
"text=""Barack Obama""",2011-08-27,8,seconds
"text=""Barack Obama""",2011-08-28,4,seconds
"text=""Barack Obama""",2011-08-29,24,seconds
"text=""Barack Obama""",2011-08-30,63,seconds
"text=""Barack Obama""",2011-08-31,60.680,seconds
"text=""Barack Obama""",2011-09-01,54,seconds
"text=""Barack Obama""",2011-09-02,70,seconds
"text=""Barack Obama""",2011-09-03,42,seconds
"text=""Barack Obama""",2011-09-04,62,seconds
"text=""Barack Obama""",2011-09-05,71,seconds
"text=""Barack Obama""",2011-09-06,90,seconds
"text=""Barack Obama""",2011-09-07,83,seconds
"text=""Barack Obama""",2011-09-08,117.905,seconds
"text=""Barack Obama""",2011-09-09,74,seconds
"text=""Barack Obama""",2011-09-10,26,seconds
"text=""Barack Obama""",2011-09-11,19,seconds
"text=""Barack Obama""",2011-09-12,107,seconds
"text=""Barack Obama""",2011-09-13,79,seconds
"text=""Barack Obama""",2011-09-14,96.324,seconds
"text=""Barack Obama""",2011-09-15,96.644,seconds
"text=""Barack Obama""",2011-09-16,73.869,seconds
"text=""Barack Obama""",2011-09-17,27,seconds
"text=""Barack Obama""",2011-09-18,20,seconds
"text=""Barack Obama""",2011-09-19,76,seconds
"text=""Barack Obama""",2011-09-20,108.018,seconds
"text=""Barack Obama""",2011-09-21,75.066,seconds
"text=""Barack Obama""",2011-09-22,62,seconds
"text=""Barack Obama""",2011-09-23,78,seconds
"text=""Barack Obama""",2011-09-24,50,seconds
"text=""Barack Obama""",2011-09-25,50,seconds
"text=""Barack Obama""",2011-09-26,81,seconds
"text=""Barack Obama""",2011-09-27,133.527,seconds
"text=""Barack Obama""",2011-09-28,56.314,seconds
"text=""Barack Obama""",2011-09-29,34,seconds
"text=""Barack Obama""",2011-09-30,33,seconds
"text=""Barack Obama""",2011-10-01,17,seconds
"text=""Barack Obama""",2011-10-02,21,seconds
"text=""Barack Obama""",2011-10-03,47,seconds
"text=""Barack Obama""",2011-10-04,67,seconds
"text=""Barack Obama""",2011-10-05,45,seconds
"text=""Barack Obama""",2011-10-06,41,seconds
"text=""Barack Obama""",2011-10-07,34,seconds
"text=""Barack Obama""",2011-10-08,22.250,seconds
"text=""Barack Obama""",2011-10-09,28,seconds
"text=""Barack Obama""",2011-10-10,67,seconds
"text=""Barack Obama""",2011-10-11,47,seconds
"text=""Barack Obama""",2011-10-12,75,seconds
"text=""Barack Obama""",2011-10-13,82,seconds
"text=""Barack Obama""",2011-10-14,66.779,seconds
"text=""Barack Obama""",2011-10-15,41,seconds
"text=""Barack Obama""",2011-10-16,49.195,seconds
"text=""Barack Obama""",2011-10-17,33,seconds
"text=""Barack Obama""",2011-10-18,65.799,seconds
"text=""Barack Obama""",2011-10-19,38,seconds
"text=""Barack Obama""",2011-10-20,49,seconds
"text=""Barack Obama""",2011-10-21,66.804,seconds
"text=""Barack Obama""",2011-10-22,34,seconds
"text=""Barack Obama""",2011-10-23,27,seconds
"text=""Barack Obama""",2011-10-24,75,seconds
"text=""Barack Obama""",2011-10-25,76,seconds
"text=""Barack Obama""",2011-10-26,77.984,seconds
"text=""Barack Obama""",2011-10-27,56,seconds
"text=""Barack Obama""",2011-10-28,70,seconds
"text=""Barack Obama""",2011-10-29,22,seconds
"text=""Barack Obama""",2011-10-30,39,seconds
"text=""Barack Obama""",2011-10-31,79,seconds
"text=""Barack Obama""",2011-11-01,68,seconds
"text=""Barack Obama""",2011-11-02,67,seconds
"text=""Barack Obama""",2011-11-03,63,seconds
"text=""Barack Obama""",2011-11-04,76,seconds
"text=""Barack Obama""",2011-11-05,42,seconds
"text=""Barack Obama""",2011-11-06,36,seconds
"text=""Barack Obama""",2011-11-07,30,seconds
"text=""Barack Obama""",2011-11-08,45,seconds
"text=""Barack Obama""",2011-11-09,54.190,seconds
"text=""Barack Obama""",2011-11-10,72,seconds
"text=""Barack Obama""",2011-11-11,74,seconds
"text=""Barack Obama""",2011-11-12,42.602,seconds
"text=""Barack Obama""",2011-11-13,71,seconds
"text=""Barack Obama""",2011-11-14,99.845,seconds
"text=""Barack Obama""",2011-11-15,64,seconds
"text=""Barack Obama""",2011-11-16,65.723,seconds
"text=""Barack Obama""",2011-11-17,67.826,seconds
"text=""Barack Obama""",2011-11-18,53.799,seconds
"text=""Barack Obama""",2011-11-19,34,seconds
"text=""Barack Obama""",2011-11-20,38,seconds
"text=""Barack Obama""",2011-11-21,25,seconds
"text=""Barack Obama""",2011-11-22,95.555,seconds
"text=""Barack Obama""",2011-11-23,100.925,seconds
"text=""Barack Obama""",2011-11-24,25,seconds
"text=""Barack Obama""",2011-11-25,40,seconds
"text=""Barack Obama""",2011-11-26,44,seconds
"text=""Barack Obama""",2011-11-27,29,seconds
"text=""Barack Obama""",2011-11-28,56,seconds
"text=""Barack Obama""",2011-11-29,72,seconds
"text=""Barack Obama""",2011-11-30,77,seconds
"text=""Barack Obama""",2011-12-01,90.930,seconds
"text=""Barack Obama""",2011-12-02,76,seconds
"text=""Barack Obama""",2011-12-03,40.890,seconds
"text=""Barack Obama""",2011-12-04,48.800,seconds
"text=""Barack Obama""",2011-12-05,70,seconds
"text=""Barack Obama""",2011-12-06,116,seconds
"text=""Barack Obama""",2011-12-07,141,seconds
"text=""Barack Obama""",2011-12-08,119,seconds
"text=""Barack Obama""",2011-12-09,88,seconds
"text=""Barack Obama""",2011-12-10,51,seconds
"text=""Barack Obama""",2011-12-11,47,seconds
"text=""Barack Obama""",2011-12-12,111,seconds
"text=""Barack Obama""",2011-12-13,125,seconds
"text=""Barack Obama""",2011-12-14,141,seconds
"text=""Barack Obama""",2011-12-15,160.169,seconds
"text=""Barack Obama""",2011-12-16,127.982,seconds
"text=""Barack Obama""",2011-12-17,68,seconds
"text=""Barack Obama""",2011-12-18,52,seconds
"text=""Barack Obama""",2011-12-19,44,seconds
"text=""Barack Obama""",2011-12-20,101,seconds
"text=""Barack Obama""",2011-12-21,123.340,seconds
"text=""Barack Obama""",2011-12-22,105.327,seconds
"text=""Barack Obama""",2011-12-23,99.776,seconds
"text=""Barack Obama""",2011-12-24,20.995,seconds
"text=""Barack Obama""",2011-12-25,16,seconds
"text=""Barack Obama""",2011-12-26,50,seconds
"text=""Barack Obama""",2011-12-27,75.956,seconds
"text=""Barack Obama""",2011-12-28,156,seconds
"text=""Barack Obama""",2011-12-29,164,seconds
"text=""Barack Obama""",2011-12-30,148,seconds
"text=""Barack Obama""",2011-12-31,116.462,seconds
"text=""Barack Obama""",2012-01-01,151,seconds
"text=""Barack Obama""",2012-01-02,214,seconds
"text=""Barack Obama""",2012-01-03,293,seconds
"text=""Barack Obama""",2012-01-04,196.735,seconds
"text=""Barack Obama""",2012-01-05,145,seconds
"text=""Barack Obama""",2012-01-06,119,seconds
"text=""Barack Obama""",2012-01-07,77,seconds
"text=""Barack Obama""",2012-01-08,100,seconds
"text=""Barack Obama""",2012-01-09,135.730,seconds
"text=""Barack Obama""",2012-01-10,198,seconds
"text=""Barack Obama""",2012-01-11,266,seconds
"text=""Barack Obama""",2012-01-12,114,seconds
"text=""Barack Obama""",2012-01-13,120.707,seconds
"text=""Barack Obama""",2012-01-14,77.901,seconds
"text=""Barack Obama""",2012-01-15,48,seconds
"text=""Barack Obama""",2012-01-16,190,seconds
"text=""Barack Obama""",2012-01-17,137,seconds
"text=""Barack Obama""",2012-01-18,111,seconds
"text=""Barack Obama""",2012-01-19,145,seconds
"text=""Barack Obama""",2012-01-20,181.631,seconds
"text=""Barack Obama""",2012-01-21,208,seconds
"text=""Barack Obama""",2012-01-22,149,seconds
"text=""Barack Obama""",2012-01-23,120,seconds
"text=""Barack Obama""",2012-01-24,115.716,seconds
"text=""Barack Obama""",2012-01-25,92,seconds
"text=""Barack Obama""",2012-01-26,150,seconds
"text=""Barack Obama""",2012-01-27,124,seconds
"text=""Barack Obama""",2012-01-28,96,seconds
"text=""Barack Obama""",2012-01-29,109.990,seconds
"text=""Barack Obama""",2012-01-30,151,seconds
"text=""Barack Obama""",2012-01-31,234,seconds
"text=""Barack Obama""",2012-02-01,196,seconds
"text=""Barack Obama""",2012-02-02,83,seconds
"text=""Barack Obama""",2012-02-03,80,seconds
"text=""Barack Obama""",2012-02-04,136.833,seconds
"text=""Barack Obama""",2012-02-05,107,seconds
"text=""Barack Obama""",2012-02-06,126,seconds
"text=""Barack Obama""",2012-02-07,114.964,seconds
"text=""Barack Obama""",2012-02-08,169,seconds
"text=""Barack Obama""",2012-02-09,107,seconds
"text=""Barack Obama""",2012-02-10,112,seconds
"text=""Barack Obama""",2012-02-11,55,seconds
"text=""Barack Obama""",2012-02-12,50,seconds
"text=""Barack Obama""",2012-02-13,50,seconds
"text=""Barack Obama""",2012-02-14,66,seconds
"text=""Barack Obama""",2012-02-15,107,seconds
"text=""Barack Obama""",2012-02-16,80,seconds
"text=""Barack Obama""",2012-02-17,58,seconds
"text=""Barack Obama""",2012-02-18,33,seconds
"text=""Barack Obama""",2012-02-19,41.402,seconds
"text=""Barack Obama""",2012-02-20,87,seconds
"text=""Barack Obama""",2012-02-21,123,seconds
"text=""Barack Obama""",2012-02-22,159,seconds
"text=""Barack Obama""",2012-02-23,130,seconds
"text=""Barack Obama""",2012-02-24,86.870,seconds
"text=""Barack Obama""",2012-02-25,63,seconds
"text=""Barack Obama""",2012-02-26,49,seconds
"text=""Barack Obama""",2012-02-27,54,seconds
"text=""Barack Obama""",2012-02-28,132,seconds
"text=""Barack Obama""",2012-02-29,149,seconds
"text=""Barack Obama""",2012-03-01,85,seconds
"text=""Barack Obama""",2012-03-02,73,seconds
"text=""Barack Obama""",2012-03-03,62,seconds
"text=""Barack Obama""",2012-03-04,79,seconds
"text=""Barack Obama""",2012-03-05,110,seconds
"text=""Barack Obama""",2012-03-06,181,seconds
"text=""Barack Obama""",2012-03-07,256.003,seconds
"text=""Barack Obama""",2012-03-08,199,seconds
"text=""Barack Obama""",2012-03-09,154,seconds
"text=""Barack Obama""",2012-03-10,66,seconds
"text=""Barack Obama""",2012-03-11,55,seconds
"text=""Barack Obama""",2012-03-12,48,seconds
"text=""Barack Obama""",2012-03-13,132,seconds
"text=""Barack Obama""",2012-03-14,170,seconds
"text=""Barack Obama""",2012-03-15,114.701,seconds
"text=""Barack Obama""",2012-03-16,82,seconds
"text=""Barack Obama""",2012-03-17,32,seconds
"text=""Barack Obama""",2012-03-18,58,seconds
"text=""Barack Obama""",2012-03-19,79,seconds
"text=""Barack Obama""",2012-03-20,132.830,seconds
"text=""Barack Obama""",2012-03-21,129.836,seconds
"text=""Barack Obama""",2012-03-22,84.670,seconds
"text=""Barack Obama""",2012-03-23,143.391,seconds
"text=""Barack Obama""",2012-03-24,69.390,seconds
"text=""Barack Obama""",2012-03-25,52,seconds
"text=""Barack Obama""",2012-03-26,143,seconds
"text=""Barack Obama""",2012-03-27,74.786,seconds
"text=""Barack Obama""",2012-03-28,64.084,seconds
"text=""Barack Obama""",2012-03-29,54,seconds
"text=""Barack Obama""",2012-03-30,75,seconds
"text=""Barack Obama""",2012-03-31,52,seconds
"text=""Barack Obama""",2012-04-01,76,seconds
"text=""Barack Obama""",2012-04-02,133,seconds
"text=""Barack Obama""",2012-04-03,132,seconds
"text=""Barack Obama""",2012-04-04,155,seconds
"text=""Barack Obama""",2012-04-05,105,seconds
"text=""Barack Obama""",2012-04-06,52,seconds
"text=""Barack Obama""",2012-04-07,57,seconds
"text=""Barack Obama""",2012-04-08,52,seconds
"text=""Barack Obama""",2012-04-09,69,seconds
"text=""Barack Obama""",2012-04-10,151,seconds
"text=""Barack Obama""",2012-04-11,168,seconds
"text=""Barack Obama""",2012-04-12,78.970,seconds
"text=""Barack Obama""",2012-04-13,74,seconds
"text=""Barack Obama""",2012-04-14,43,seconds
"text=""Barack Obama""",2012-04-15,51,seconds
"text=""Barack Obama""",2012-04-16,98,seconds
"text=""Barack Obama""",2012-04-17,122.904,seconds
"text=""Barack Obama""",2012-04-18,138,seconds
"text=""Barack Obama""",2012-04-19,118.565,seconds
"text=""Barack Obama""",2012-04-20,60,seconds
"text=""Barack Obama""",2012-04-21,35.716,seconds
"text=""Barack Obama""",2012-04-22,71,seconds
"text=""Barack Obama""",2012-04-23,71.981,seconds
"text=""Barack Obama""",2012-04-24,116,seconds
"text=""Barack Obama""",2012-04-25,159,seconds
"text=""Barack Obama""",2012-04-26,107.217,seconds
"text=""Barack Obama""",2012-04-27,98,seconds
"text=""Barack Obama""",2012-04-28,86.526,seconds
"text=""Barack Obama""",2012-04-29,90,seconds
"text=""Barack Obama""",2012-04-30,105,seconds
"text=""Barack Obama""",2012-05-01,145.164,seconds
"text=""Barack Obama""",2012-05-02,153.051,seconds
"text=""Barack Obama""",2012-05-03,184,seconds
"text=""Barack Obama""",2012-05-04,80,seconds
"text=""Barack Obama""",2012-05-05,70,seconds
"text=""Barack Obama""",2012-05-06,79,seconds
"text=""Barack Obama""",2012-05-07,88,seconds
"text=""Barack Obama""",2012-05-08,74,seconds
"text=""Barack Obama""",2012-05-09,146.005,seconds
"text=""Barack Obama""",2012-05-10,140.304,seconds
"text=""Barack Obama""",2012-05-11,104.834,seconds
"text=""Barack Obama""",2012-05-12,57,seconds
"text=""Barack Obama""",2012-05-13,21,seconds
"text=""Barack Obama""",2012-05-14,97,seconds
"text=""Barack Obama""",2012-05-15,105,seconds
"text=""Barack Obama""",2012-05-16,131.345,seconds
"text=""Barack Obama""",2012-05-17,173,seconds
"text=""Barack Obama""",2012-05-18,168.404,seconds
"text=""Barack Obama""",2012-05-19,70,seconds
"text=""Barack Obama""",2012-05-20,55,seconds
"text=""Barack Obama""",2012-05-21,49.085,seconds
"text=""Barack Obama""",2012-05-22,109.855,seconds
"text=""Barack Obama""",2012-05-23,87.890,seconds
"text=""Barack Obama""",2012-05-24,98.720,seconds
"text=""Barack Obama""",2012-05-25,121,seconds
"text=""Barack Obama""",2012-05-26,51.687,seconds
"text=""Barack Obama""",2012-05-27,54,seconds
"text=""Barack Obama""",2012-05-28,49,seconds
"text=""Barack Obama""",2012-05-29,99,seconds
"text=""Barack Obama""",2012-05-30,170,seconds
"text=""Barack Obama""",2012-05-31,122,seconds
"text=""Barack Obama""",2012-06-01,80.376,seconds
"text=""Barack Obama""",2012-06-02,58.875,seconds
"text=""Barack Obama""",2012-06-03,60.735,seconds
"text=""Barack Obama""",2012-06-04,102,seconds
"text=""Barack Obama""",2012-06-05,144.509,seconds
"text=""Barack Obama""",2012-06-06,121,seconds
"text=""Barack Obama""",2012-06-07,101,seconds
"text=""Barack Obama""",2012-06-08,98,seconds
"text=""Barack Obama""",2012-06-09,59.682,seconds
"text=""Barack Obama""",2012-06-10,38,seconds
"text=""Barack Obama""",2012-06-11,70.453,seconds
"text=""Barack Obama""",2012-06-12,96.734,seconds
"text=""Barack Obama""",2012-06-13,82.865,seconds
"text=""Barack Obama""",2012-06-14,95,seconds
"text=""Barack Obama""",2012-06-15,69,seconds
"text=""Barack Obama""",2012-06-16,17,seconds
"text=""Barack Obama""",2012-06-17,64,seconds
"text=""Barack Obama""",2012-06-18,121,seconds
"text=""Barack Obama""",2012-06-19,106,seconds
"text=""Barack Obama""",2012-06-20,82,seconds
"text=""Barack Obama""",2012-06-21,103,seconds
"text=""Barack Obama""",2012-06-22,93,seconds
"text=""Barack Obama""",2012-06-23,46,seconds
"text=""Barack Obama""",2012-06-24,29,seconds
"text=""Barack Obama""",2012-06-25,55,seconds
"text=""Barack Obama""",2012-06-26,51,seconds
"text=""Barack Obama""",2012-06-27,60,seconds
"text=""Barack Obama""",2012-06-28,91.006,seconds
"text=""Barack Obama""",2012-06-29,86,seconds
"text=""Barack Obama""",2012-06-30,43,seconds
"text=""Barack Obama""",2012-07-01,17,seconds
"text=""Barack Obama""",2012-07-02,76,seconds
"text=""Barack Obama""",2012-07-03,90,seconds
"text=""Barack Obama""",2012-07-04,43,seconds
"text=""Barack Obama""",2012-07-05,98.506,seconds
"text=""Barack Obama""",2012-07-06,77.930,seconds
"text=""Barack Obama""",2012-07-07,36,seconds
"text=""Barack Obama""",2012-07-08,96,seconds
"text=""Barack Obama""",2012-07-09,124,seconds
"text=""Barack Obama""",2012-07-10,91,seconds
"text=""Barack Obama""",2012-07-11,127,seconds
"text=""Barack Obama""",2012-07-12,128,seconds
"text=""Barack Obama""",2012-07-13,102,seconds
"text=""Barack Obama""",2012-07-14,52,seconds
"text=""Barack Obama""",2012-07-15,49,seconds
"text=""Barack Obama""",2012-07-16,123,seconds
"text=""Barack Obama""",2012-07-17,111,seconds
"text=""Barack Obama""",2012-07-18,106,seconds
"text=""Barack Obama""",2012-07-19,93,seconds
"text=""Barack Obama""",2012-07-20,35,seconds
"text=""Barack Obama""",2012-07-21,3,seconds
"text=""Barack Obama""",2012-07-22,40.764,seconds
"text=""Barack Obama""",2012-07-23,39,seconds
"text=""Barack Obama""",2012-07-24,73,seconds
"text=""Barack Obama""",2012-07-25,70.905,seconds
"text=""Barack Obama""",2012-07-26,91,seconds
"text=""Barack Obama""",2012-07-27,81,seconds
"text=""Barack Obama""",2012-07-28,26,seconds
"text=""Barack Obama""",2012-07-29,44,seconds
"text=""Barack Obama""",2012-07-30,102,seconds
"text=""Barack Obama""",2012-07-31,87,seconds
"text=""Barack Obama""",2012-08-01,67,seconds
"text=""Barack Obama""",2012-08-02,91,seconds
"text=""Barack Obama""",2012-08-03,64.006,seconds
"text=""Barack Obama""",2012-08-04,43,seconds
"text=""Barack Obama""",2012-08-05,30,seconds
"text=""Barack Obama""",2012-08-06,47.083,seconds
"text=""Barack Obama""",2012-08-07,109,seconds
"text=""Barack Obama""",2012-08-08,90,seconds
"text=""Barack Obama""",2012-08-09,78,seconds
"text=""Barack Obama""",2012-08-10,60,seconds
"text=""Barack Obama""",2012-08-11,90,seconds
"text=""Barack Obama""",2012-08-12,71,seconds
"text=""Barack Obama""",2012-08-13,126,seconds
"text=""Barack Obama""",2012-08-14,136,seconds
"text=""Barack Obama""",2012-08-15,120,seconds
"text=""Barack Obama""",2012-08-16,108.388,seconds
"text=""Barack Obama""",2012-08-17,66.304,seconds
"text=""Barack Obama""",2012-08-18,43,seconds
"text=""Barack Obama""",2012-08-19,31,seconds
"text=""Barack Obama""",2012-08-20,57,seconds
"text=""Barack Obama""",2012-08-21,46,seconds
"text=""Barack Obama""",2012-08-22,99.269,seconds
"text=""Barack Obama""",2012-08-23,137,seconds
"text=""Barack Obama""",2012-08-24,132.717,seconds
"text=""Barack Obama""",2012-08-25,97,seconds
"text=""Barack Obama""",2012-08-26,101.895,seconds
"text=""Barack Obama""",2012-08-27,88,seconds
"text=""Barack Obama""",2012-08-28,128,seconds
"text=""Barack Obama""",2012-08-29,130.794,seconds
"text=""Barack Obama""",2012-08-30,175.211,seconds
"text=""Barack Obama""",2012-08-31,188,seconds
"text=""Barack Obama""",2012-09-01,126,seconds
"text=""Barack Obama""",2012-09-02,165.834,seconds
"text=""Barack Obama""",2012-09-03,417.065,seconds
"text=""Barack Obama""",2012-09-04,348.968,seconds
"text=""Barack Obama""",2012-09-05,391.259,seconds
"text=""Barack Obama""",2012-09-06,354.545,seconds
"text=""Barack Obama""",2012-09-07,207.065,seconds
"text=""Barack Obama""",2012-09-08,163,seconds
"text=""Barack Obama""",2012-09-09,113,seconds
"text=""Barack Obama""",2012-09-10,103,seconds
"text=""Barack Obama""",2012-09-11,93,seconds
"text=""Barack Obama""",2012-09-12,68,seconds
"text=""Barack Obama""",2012-09-13,75,seconds
"text=""Barack Obama""",2012-09-14,70.709,seconds
"text=""Barack Obama""",2012-09-15,82.855,seconds
"text=""Barack Obama""",2012-09-16,59.594,seconds
"text=""Barack Obama""",2012-09-17,88,seconds
"text=""Barack Obama""",2012-09-18,159.326,seconds
"text=""Barack Obama""",2012-09-19,176,seconds
"text=""Barack Obama""",2012-09-20,140.980,seconds
"text=""Barack Obama""",2012-09-21,100,seconds
"text=""Barack Obama""",2012-09-22,117,seconds
"text=""Barack Obama""",2012-09-23,89,seconds
"text=""Barack Obama""",2012-09-24,99.693,seconds
"text=""Barack Obama""",2012-09-25,85,seconds
"text=""Barack Obama""",2012-09-26,145.995,seconds
"text=""Barack Obama""",2012-09-27,95.670,seconds
"text=""Barack Obama""",2012-09-28,140,seconds
"text=""Barack Obama""",2012-09-29,129.930,seconds
"text=""Barack Obama""",2012-09-30,95.930,seconds
"text=""Barack Obama""",2012-10-01,127.460,seconds
"text=""Barack Obama""",2012-10-02,119.473,seconds
"text=""Barack Obama""",2012-10-03,230,seconds
"text=""Barack Obama""",2012-10-04,250.426,seconds
"text=""Barack Obama""",2012-10-05,196,seconds
"text=""Barack Obama""",2012-10-06,140,seconds
"text=""Barack Obama""",2012-10-07,108.547,seconds
"text=""Barack Obama""",2012-10-08,131,seconds
"text=""Barack Obama""",2012-10-09,114,seconds
"text=""Barack Obama""",2012-10-10,117,seconds
"text=""Barack Obama""",2012-10-11,126,seconds
"text=""Barack Obama""",2012-10-12,93,seconds
"text=""Barack Obama""",2012-10-13,91,seconds
"text=""Barack Obama""",2012-10-14,66.263,seconds
"text=""Barack Obama""",2012-10-15,154.149,seconds
"text=""Barack Obama""",2012-10-16,173.869,seconds
"text=""Barack Obama""",2012-10-17,173,seconds
"text=""Barack Obama""",2012-10-18,147.289,seconds
"text=""Barack Obama""",2012-10-19,110,seconds
"text=""Barack Obama""",2012-10-20,82,seconds
"text=""Barack Obama""",2012-10-21,33,seconds
"text=""Barack Obama""",2012-10-22,148.010,seconds
"text=""Barack Obama""",2012-10-23,157.848,seconds
"text=""Barack Obama""",2012-10-24,150.965,seconds
"text=""Barack Obama""",2012-10-25,148,seconds
"text=""Barack Obama""",2012-10-26,195,seconds
"text=""Barack Obama""",2012-10-27,141,seconds
"text=""Barack Obama""",2012-10-28,92,seconds
"text=""Barack Obama""",2012-10-29,59,seconds
"text=""Barack Obama""",2012-10-30,38,seconds
"text=""Barack Obama""",2012-10-31,105.940,seconds
"text=""Barack Obama""",2012-11-01,151,seconds
"text=""Barack Obama""",2012-11-02,134,seconds
"text=""Barack Obama""",2012-11-03,209,seconds
"text=""Barack Obama""",2012-11-04,297.985,seconds
"text=""Barack Obama""",2012-11-05,199.655,seconds
"text=""Barack Obama""",2012-11-06,223,seconds
"text=""Mitt Romney""",2011-01-17,3,seconds
"text=""Mitt Romney""",2011-01-18,9,seconds
"text=""Mitt Romney""",2011-01-19,12,seconds
"text=""Mitt Romney""",2011-01-20,8,seconds
"text=""Mitt Romney""",2011-01-21,14,seconds
"text=""Mitt Romney""",2011-01-22,32,seconds
"text=""Mitt Romney""",2011-01-23,39,seconds
"text=""Mitt Romney""",2011-01-24,43,seconds
"text=""Mitt Romney""",2011-01-25,13,seconds
"text=""Mitt Romney""",2011-01-26,10,seconds
"text=""Mitt Romney""",2011-01-27,31,seconds
"text=""Mitt Romney""",2011-01-28,19,seconds
"text=""Mitt Romney""",2011-01-30,9,seconds
"text=""Mitt Romney""",2011-01-31,14,seconds
"text=""Mitt Romney""",2011-02-01,37,seconds
"text=""Mitt Romney""",2011-02-02,36,seconds
"text=""Mitt Romney""",2011-02-03,15,seconds
"text=""Mitt Romney""",2011-02-04,6,seconds
"text=""Mitt Romney""",2011-02-07,8,seconds
"text=""Mitt Romney""",2011-02-08,33.189,seconds
"text=""Mitt Romney""",2011-02-09,18,seconds
"text=""Mitt Romney""",2011-02-10,2,seconds
"text=""Mitt Romney""",2011-02-11,10,seconds
"text=""Mitt Romney""",2011-02-12,53,seconds
"text=""Mitt Romney""",2011-02-13,53,seconds
"text=""Mitt Romney""",2011-02-14,51,seconds
"text=""Mitt Romney""",2011-02-15,30,seconds
"text=""Mitt Romney""",2011-02-16,18,seconds
"text=""Mitt Romney""",2011-02-17,7,seconds
"text=""Mitt Romney""",2011-02-18,3,seconds
"text=""Mitt Romney""",2011-02-19,3,seconds
"text=""Mitt Romney""",2011-02-21,2,seconds
"text=""Mitt Romney""",2011-02-22,13,seconds
"text=""Mitt Romney""",2011-02-23,10,seconds
"text=""Mitt Romney""",2011-02-24,8,seconds
"text=""Mitt Romney""",2011-02-25,17,seconds
"text=""Mitt Romney""",2011-02-26,2,seconds
"text=""Mitt Romney""",2011-02-27,5,seconds
"text=""Mitt Romney""",2011-02-28,34,seconds
"text=""Mitt Romney""",2011-03-01,33,seconds
"text=""Mitt Romney""",2011-03-02,37,seconds
"text=""Mitt Romney""",2011-03-03,15,seconds
"text=""Mitt Romney""",2011-03-04,19,seconds
"text=""Mitt Romney""",2011-03-05,10,seconds
"text=""Mitt Romney""",2011-03-06,55,seconds
"text=""Mitt Romney""",2011-03-07,71,seconds
"text=""Mitt Romney""",2011-03-08,36,seconds
"text=""Mitt Romney""",2011-03-09,4,seconds
"text=""Mitt Romney""",2011-03-10,9,seconds
"text=""Mitt Romney""",2011-03-11,2,seconds
"text=""Mitt Romney""",2011-03-13,15,seconds
"text=""Mitt Romney""",2011-03-14,11,seconds
"text=""Mitt Romney""",2011-03-15,4,seconds
"text=""Mitt Romney""",2011-03-16,2,seconds
"text=""Mitt Romney""",2011-03-17,6,seconds
"text=""Mitt Romney""",2011-03-18,5,seconds
"text=""Mitt Romney""",2011-03-21,7,seconds
"text=""Mitt Romney""",2011-03-22,34,seconds
"text=""Mitt Romney""",2011-03-23,20,seconds
"text=""Mitt Romney""",2011-03-24,16,seconds
"text=""Mitt Romney""",2011-03-25,24,seconds
"text=""Mitt Romney""",2011-03-26,9,seconds
"text=""Mitt Romney""",2011-03-27,9,seconds
"text=""Mitt Romney""",2011-03-28,11.992,seconds
"text=""Mitt Romney""",2011-03-29,11.852,seconds
"text=""Mitt Romney""",2011-03-30,12,seconds
"text=""Mitt Romney""",2011-03-31,15,seconds
"text=""Mitt Romney""",2011-04-01,18,seconds
"text=""Mitt Romney""",2011-04-02,6,seconds
"text=""Mitt Romney""",2011-04-03,15,seconds
"text=""Mitt Romney""",2011-04-04,28,seconds
"text=""Mitt Romney""",2011-04-05,14,seconds
"text=""Mitt Romney""",2011-04-06,17,seconds
"text=""Mitt Romney""",2011-04-07,25,seconds
"text=""Mitt Romney""",2011-04-08,6,seconds
"text=""Mitt Romney""",2011-04-10,3,seconds
"text=""Mitt Romney""",2011-04-11,65,seconds
"text=""Mitt Romney""",2011-04-12,127.872,seconds
"text=""Mitt Romney""",2011-04-13,59.890,seconds
"text=""Mitt Romney""",2011-04-14,15,seconds
"text=""Mitt Romney""",2011-04-15,38,seconds
"text=""Mitt Romney""",2011-04-16,13,seconds
"text=""Mitt Romney""",2011-04-17,51.547,seconds
"text=""Mitt Romney""",2011-04-18,115,seconds
"text=""Mitt Romney""",2011-04-19,55,seconds
"text=""Mitt Romney""",2011-04-20,27,seconds
"text=""Mitt Romney""",2011-04-21,39.460,seconds
"text=""Mitt Romney""",2011-04-22,23.982,seconds
"text=""Mitt Romney""",2011-04-23,10,seconds
"text=""Mitt Romney""",2011-04-24,15,seconds
"text=""Mitt Romney""",2011-04-25,25,seconds
"text=""Mitt Romney""",2011-04-26,70,seconds
"text=""Mitt Romney""",2011-04-27,28,seconds
"text=""Mitt Romney""",2011-04-28,18.017,seconds
"text=""Mitt Romney""",2011-04-29,17,seconds
"text=""Mitt Romney""",2011-04-30,20.550,seconds
"text=""Mitt Romney""",2011-05-01,17,seconds
"text=""Mitt Romney""",2011-05-03,4,seconds
"text=""Mitt Romney""",2011-05-04,10,seconds
"text=""Mitt Romney""",2011-05-05,8,seconds
"text=""Mitt Romney""",2011-05-06,19,seconds
"text=""Mitt Romney""",2011-05-07,5,seconds
"text=""Mitt Romney""",2011-05-08,4.795,seconds
"text=""Mitt Romney""",2011-05-09,17,seconds
"text=""Mitt Romney""",2011-05-10,32,seconds
"text=""Mitt Romney""",2011-05-11,33.845,seconds
"text=""Mitt Romney""",2011-05-12,158.519,seconds
"text=""Mitt Romney""",2011-05-13,111,seconds
"text=""Mitt Romney""",2011-05-14,43,seconds
"text=""Mitt Romney""",2011-05-15,71.780,seconds
"text=""Mitt Romney""",2011-05-16,113,seconds
"text=""Mitt Romney""",2011-05-17,105.515,seconds
"text=""Mitt Romney""",2011-05-18,59,seconds
"text=""Mitt Romney""",2011-05-19,55,seconds
"text=""Mitt Romney""",2011-05-20,110.608,seconds
"text=""Mitt Romney""",2011-05-21,49,seconds
"text=""Mitt Romney""",2011-05-22,45,seconds
"text=""Mitt Romney""",2011-05-23,80,seconds
"text=""Mitt Romney""",2011-05-24,50,seconds
"text=""Mitt Romney""",2011-05-25,54,seconds
"text=""Mitt Romney""",2011-05-26,69,seconds
"text=""Mitt Romney""",2011-05-27,139.209,seconds
"text=""Mitt Romney""",2011-05-28,58,seconds
"text=""Mitt Romney""",2011-05-29,51,seconds
"text=""Mitt Romney""",2011-05-30,70.510,seconds
"text=""Mitt Romney""",2011-05-31,115,seconds
"text=""Mitt Romney""",2011-06-01,71,seconds
"text=""Mitt Romney""",2011-06-02,371.793,seconds
"text=""Mitt Romney""",2011-06-03,340.816,seconds
"text=""Mitt Romney""",2011-06-04,93,seconds
"text=""Mitt Romney""",2011-06-05,77,seconds
"text=""Mitt Romney""",2011-06-06,123,seconds
"text=""Mitt Romney""",2011-06-07,178.708,seconds
"text=""Mitt Romney""",2011-06-08,134.886,seconds
"text=""Mitt Romney""",2011-06-09,135,seconds
"text=""Mitt Romney""",2011-06-10,102.569,seconds
"text=""Mitt Romney""",2011-06-11,61,seconds
"text=""Mitt Romney""",2011-06-12,96,seconds
"text=""Mitt Romney""",2011-06-13,264.769,seconds
"text=""Mitt Romney""",2011-06-14,374.860,seconds
"text=""Mitt Romney""",2011-06-15,268.200,seconds
"text=""Mitt Romney""",2011-06-16,151.187,seconds
"text=""Mitt Romney""",2011-06-17,162.685,seconds
"text=""Mitt Romney""",2011-06-18,74.844,seconds
"text=""Mitt Romney""",2011-06-19,56.190,seconds
"text=""Mitt Romney""",2011-06-20,127,seconds
"text=""Mitt Romney""",2011-06-21,99.590,seconds
"text=""Mitt Romney""",2011-06-22,55.775,seconds
"text=""Mitt Romney""",2011-06-23,14,seconds
"text=""Mitt Romney""",2011-06-24,40,seconds
"text=""Mitt Romney""",2011-06-25,22,seconds
"text=""Mitt Romney""",2011-06-26,83,seconds
"text=""Mitt Romney""",2011-06-27,176.264,seconds
"text=""Mitt Romney""",2011-06-28,85,seconds
"text=""Mitt Romney""",2011-06-29,70,seconds
"text=""Mitt Romney""",2011-06-30,114,seconds
"text=""Mitt Romney""",2011-07-01,114,seconds
"text=""Mitt Romney""",2011-07-02,27,seconds
"text=""Mitt Romney""",2011-07-03,12,seconds
"text=""Mitt Romney""",2011-07-04,11,seconds
"text=""Mitt Romney""",2011-07-05,45,seconds
"text=""Mitt Romney""",2011-07-06,116,seconds
"text=""Mitt Romney""",2011-07-07,53.774,seconds
"text=""Mitt Romney""",2011-07-08,41.551,seconds
"text=""Mitt Romney""",2011-07-09,14,seconds
"text=""Mitt Romney""",2011-07-10,19,seconds
"text=""Mitt Romney""",2011-07-11,27,seconds
"text=""Mitt Romney""",2011-07-12,37,seconds
"text=""Mitt Romney""",2011-07-13,63,seconds
"text=""Mitt Romney""",2011-07-14,96,seconds
"text=""Mitt Romney""",2011-07-15,49,seconds
"text=""Mitt Romney""",2011-07-16,21,seconds
"text=""Mitt Romney""",2011-07-17,18,seconds
"text=""Mitt Romney""",2011-07-18,55.018,seconds
"text=""Mitt Romney""",2011-07-19,23,seconds
"text=""Mitt Romney""",2011-07-20,50,seconds
"text=""Mitt Romney""",2011-07-21,28,seconds
"text=""Mitt Romney""",2011-07-22,35,seconds
"text=""Mitt Romney""",2011-07-23,15,seconds
"text=""Mitt Romney""",2011-07-24,7,seconds
"text=""Mitt Romney""",2011-07-25,8,seconds
"text=""Mitt Romney""",2011-07-26,25,seconds
"text=""Mitt Romney""",2011-07-27,39.790,seconds
"text=""Mitt Romney""",2011-07-28,33.801,seconds
"text=""Mitt Romney""",2011-07-29,17,seconds
"text=""Mitt Romney""",2011-07-30,4,seconds
"text=""Mitt Romney""",2011-07-31,5,seconds
"text=""Mitt Romney""",2011-08-01,48.924,seconds
"text=""Mitt Romney""",2011-08-02,103,seconds
"text=""Mitt Romney""",2011-08-03,125,seconds
"text=""Mitt Romney""",2011-08-04,102.462,seconds
"text=""Mitt Romney""",2011-08-05,87.457,seconds
"text=""Mitt Romney""",2011-08-06,23,seconds
"text=""Mitt Romney""",2011-08-07,21,seconds
"text=""Mitt Romney""",2011-08-08,45,seconds
"text=""Mitt Romney""",2011-08-09,73,seconds
"text=""Mitt Romney""",2011-08-10,93,seconds
"text=""Mitt Romney""",2011-08-11,318.562,seconds
"text=""Mitt Romney""",2011-08-12,366.858,seconds
"text=""Mitt Romney""",2011-08-13,264,seconds
"text=""Mitt Romney""",2011-08-14,137,seconds
"text=""Mitt Romney""",2011-08-15,232,seconds
"text=""Mitt Romney""",2011-08-16,174.420,seconds
"text=""Mitt Romney""",2011-08-17,115,seconds
"text=""Mitt Romney""",2011-08-18,106.685,seconds
"text=""Mitt Romney""",2011-08-19,106.362,seconds
"text=""Mitt Romney""",2011-08-20,48.589,seconds
"text=""Mitt Romney""",2011-08-21,42,seconds
"text=""Mitt Romney""",2011-08-22,73,seconds
"text=""Mitt Romney""",2011-08-23,136.704,seconds
"text=""Mitt Romney""",2011-08-24,126,seconds
"text=""Mitt Romney""",2011-08-25,145,seconds
"text=""Mitt Romney""",2011-08-26,97,seconds
"text=""Mitt Romney""",2011-08-27,8,seconds
"text=""Mitt Romney""",2011-08-29,54,seconds
"text=""Mitt Romney""",2011-08-30,160.662,seconds
"text=""Mitt Romney""",2011-08-31,114,seconds
"text=""Mitt Romney""",2011-09-01,106.650,seconds
"text=""Mitt Romney""",2011-09-02,121.845,seconds
"text=""Mitt Romney""",2011-09-03,51,seconds
"text=""Mitt Romney""",2011-09-04,88.924,seconds
"text=""Mitt Romney""",2011-09-05,137.869,seconds
"text=""Mitt Romney""",2011-09-06,286.753,seconds
"text=""Mitt Romney""",2011-09-07,294.410,seconds
"text=""Mitt Romney""",2011-09-08,229.929,seconds
"text=""Mitt Romney""",2011-09-09,59.704,seconds
"text=""Mitt Romney""",2011-09-10,42,seconds
"text=""Mitt Romney""",2011-09-11,25.541,seconds
"text=""Mitt Romney""",2011-09-12,235,seconds
"text=""Mitt Romney""",2011-09-13,248.701,seconds
"text=""Mitt Romney""",2011-09-14,93,seconds
"text=""Mitt Romney""",2011-09-15,81.825,seconds
"text=""Mitt Romney""",2011-09-16,107,seconds
"text=""Mitt Romney""",2011-09-17,29,seconds
"text=""Mitt Romney""",2011-09-18,46,seconds
"text=""Mitt Romney""",2011-09-19,61,seconds
"text=""Mitt Romney""",2011-09-20,62,seconds
"text=""Mitt Romney""",2011-09-21,89,seconds
"text=""Mitt Romney""",2011-09-22,227.713,seconds
"text=""Mitt Romney""",2011-09-23,273.654,seconds
"text=""Mitt Romney""",2011-09-24,144,seconds
"text=""Mitt Romney""",2011-09-25,134,seconds
"text=""Mitt Romney""",2011-09-26,262.766,seconds
"text=""Mitt Romney""",2011-09-27,225,seconds
"text=""Mitt Romney""",2011-09-28,135.676,seconds
"text=""Mitt Romney""",2011-09-29,110.437,seconds
"text=""Mitt Romney""",2011-09-30,85,seconds
"text=""Mitt Romney""",2011-10-01,26.925,seconds
"text=""Mitt Romney""",2011-10-02,24,seconds
"text=""Mitt Romney""",2011-10-03,64.910,seconds
"text=""Mitt Romney""",2011-10-04,239.739,seconds
"text=""Mitt Romney""",2011-10-05,232.371,seconds
"text=""Mitt Romney""",2011-10-06,125.550,seconds
"text=""Mitt Romney""",2011-10-07,209.805,seconds
"text=""Mitt Romney""",2011-10-08,238.711,seconds
"text=""Mitt Romney""",2011-10-09,135.895,seconds
"text=""Mitt Romney""",2011-10-10,352.396,seconds
"text=""Mitt Romney""",2011-10-11,398.117,seconds
"text=""Mitt Romney""",2011-10-12,451.674,seconds
"text=""Mitt Romney""",2011-10-13,418.831,seconds
"text=""Mitt Romney""",2011-10-14,291.216,seconds
"text=""Mitt Romney""",2011-10-15,77,seconds
"text=""Mitt Romney""",2011-10-16,82.907,seconds
"text=""Mitt Romney""",2011-10-17,233.915,seconds
"text=""Mitt Romney""",2011-10-18,310.264,seconds
"text=""Mitt Romney""",2011-10-19,493.274,seconds
"text=""Mitt Romney""",2011-10-20,179,seconds
"text=""Mitt Romney""",2011-10-21,151.718,seconds
"text=""Mitt Romney""",2011-10-22,78.865,seconds
"text=""Mitt Romney""",2011-10-23,45,seconds
"text=""Mitt Romney""",2011-10-24,200,seconds
"text=""Mitt Romney""",2011-10-25,239.149,seconds
"text=""Mitt Romney""",2011-10-26,255.892,seconds
"text=""Mitt Romney""",2011-10-27,233.252,seconds
"text=""Mitt Romney""",2011-10-28,171.264,seconds
"text=""Mitt Romney""",2011-10-29,31,seconds
"text=""Mitt Romney""",2011-10-30,142.970,seconds
"text=""Mitt Romney""",2011-10-31,262.980,seconds
"text=""Mitt Romney""",2011-11-01,163,seconds
"text=""Mitt Romney""",2011-11-02,224,seconds
"text=""Mitt Romney""",2011-11-03,238.294,seconds
"text=""Mitt Romney""",2011-11-04,244.730,seconds
"text=""Mitt Romney""",2011-11-05,98.599,seconds
"text=""Mitt Romney""",2011-11-06,97.745,seconds
"text=""Mitt Romney""",2011-11-07,140,seconds
"text=""Mitt Romney""",2011-11-08,205,seconds
"text=""Mitt Romney""",2011-11-09,245.335,seconds
"text=""Mitt Romney""",2011-11-10,265.732,seconds
"text=""Mitt Romney""",2011-11-11,268.901,seconds
"text=""Mitt Romney""",2011-11-12,125,seconds
"text=""Mitt Romney""",2011-11-13,163,seconds
"text=""Mitt Romney""",2011-11-14,273.711,seconds
"text=""Mitt Romney""",2011-11-15,192.506,seconds
"text=""Mitt Romney""",2011-11-16,222.910,seconds
"text=""Mitt Romney""",2011-11-17,188.253,seconds
"text=""Mitt Romney""",2011-11-18,147.391,seconds
"text=""Mitt Romney""",2011-11-19,88,seconds
"text=""Mitt Romney""",2011-11-20,123.594,seconds
"text=""Mitt Romney""",2011-11-21,206.128,seconds
"text=""Mitt Romney""",2011-11-22,362.889,seconds
"text=""Mitt Romney""",2011-11-23,455.670,seconds
"text=""Mitt Romney""",2011-11-24,157.814,seconds
"text=""Mitt Romney""",2011-11-25,175,seconds
"text=""Mitt Romney""",2011-11-26,99,seconds
"text=""Mitt Romney""",2011-11-27,159,seconds
"text=""Mitt Romney""",2011-11-28,277.661,seconds
"text=""Mitt Romney""",2011-11-29,329.700,seconds
"text=""Mitt Romney""",2011-11-30,394.002,seconds
"text=""Mitt Romney""",2011-12-01,411.336,seconds
"text=""Mitt Romney""",2011-12-02,419.546,seconds
"text=""Mitt Romney""",2011-12-03,220.619,seconds
"text=""Mitt Romney""",2011-12-04,220.832,seconds
"text=""Mitt Romney""",2011-12-05,414.333,seconds
"text=""Mitt Romney""",2011-12-06,498.756,seconds
"text=""Mitt Romney""",2011-12-07,452.493,seconds
"text=""Mitt Romney""",2011-12-08,445.821,seconds
"text=""Mitt Romney""",2011-12-09,364.750,seconds
"text=""Mitt Romney""",2011-12-10,159.751,seconds
"text=""Mitt Romney""",2011-12-11,291.469,seconds
"text=""Mitt Romney""",2011-12-12,541.068,seconds
"text=""Mitt Romney""",2011-12-13,495.167,seconds
"text=""Mitt Romney""",2011-12-14,536.863,seconds
"text=""Mitt Romney""",2011-12-15,571.441,seconds
"text=""Mitt Romney""",2011-12-16,392.604,seconds
"text=""Mitt Romney""",2011-12-17,236.852,seconds
"text=""Mitt Romney""",2011-12-18,246.990,seconds
"text=""Mitt Romney""",2011-12-19,343.801,seconds
"text=""Mitt Romney""",2011-12-20,364.701,seconds
"text=""Mitt Romney""",2011-12-21,374.863,seconds
"text=""Mitt Romney""",2011-12-22,274.342,seconds
"text=""Mitt Romney""",2011-12-23,257.753,seconds
"text=""Mitt Romney""",2011-12-24,70,seconds
"text=""Mitt Romney""",2011-12-25,62.950,seconds
"text=""Mitt Romney""",2011-12-26,238.762,seconds
"text=""Mitt Romney""",2011-12-27,452.806,seconds
"text=""Mitt Romney""",2011-12-28,707.557,seconds
"text=""Mitt Romney""",2011-12-29,535.929,seconds
"text=""Mitt Romney""",2011-12-30,686.844,seconds
"text=""Mitt Romney""",2011-12-31,346,seconds
"text=""Mitt Romney""",2012-01-01,577.444,seconds
"text=""Mitt Romney""",2012-01-02,1000.318,seconds
"text=""Mitt Romney""",2012-01-03,1469.327,seconds
"text=""Mitt Romney""",2012-01-04,1892.646,seconds
"text=""Mitt Romney""",2012-01-05,1100.676,seconds
"text=""Mitt Romney""",2012-01-06,863.595,seconds
"text=""Mitt Romney""",2012-01-07,508.920,seconds
"text=""Mitt Romney""",2012-01-08,684.532,seconds
"text=""Mitt Romney""",2012-01-09,1089.051,seconds
"text=""Mitt Romney""",2012-01-10,1564.718,seconds
"text=""Mitt Romney""",2012-01-11,1733.628,seconds
"text=""Mitt Romney""",2012-01-12,1126.210,seconds
"text=""Mitt Romney""",2012-01-13,837.898,seconds
"text=""Mitt Romney""",2012-01-14,495.324,seconds
"text=""Mitt Romney""",2012-01-15,419.785,seconds
"text=""Mitt Romney""",2012-01-16,924.245,seconds
"text=""Mitt Romney""",2012-01-17,626.445,seconds
"text=""Mitt Romney""",2012-01-18,695.773,seconds
"text=""Mitt Romney""",2012-01-19,1121.386,seconds
"text=""Mitt Romney""",2012-01-20,806.169,seconds
"text=""Mitt Romney""",2012-01-21,1112.942,seconds
"text=""Mitt Romney""",2012-01-22,698.843,seconds
"text=""Mitt Romney""",2012-01-23,770.231,seconds
"text=""Mitt Romney""",2012-01-24,826.205,seconds
"text=""Mitt Romney""",2012-01-25,553.689,seconds
"text=""Mitt Romney""",2012-01-26,722.210,seconds
"text=""Mitt Romney""",2012-01-27,734.858,seconds
"text=""Mitt Romney""",2012-01-28,447.384,seconds
"text=""Mitt Romney""",2012-01-29,416.473,seconds
"text=""Mitt Romney""",2012-01-30,872.754,seconds
"text=""Mitt Romney""",2012-01-31,1227.118,seconds
"text=""Mitt Romney""",2012-02-01,1122.033,seconds
"text=""Mitt Romney""",2012-02-02,858.411,seconds
"text=""Mitt Romney""",2012-02-03,602.830,seconds
"text=""Mitt Romney""",2012-02-04,738.145,seconds
"text=""Mitt Romney""",2012-02-05,764.895,seconds
"text=""Mitt Romney""",2012-02-06,592.782,seconds
"text=""Mitt Romney""",2012-02-07,561,seconds
"text=""Mitt Romney""",2012-02-08,931.082,seconds
"text=""Mitt Romney""",2012-02-09,440.297,seconds
"text=""Mitt Romney""",2012-02-10,500.044,seconds
"text=""Mitt Romney""",2012-02-11,443.655,seconds
"text=""Mitt Romney""",2012-02-12,205.603,seconds
"text=""Mitt Romney""",2012-02-13,366.130,seconds
"text=""Mitt Romney""",2012-02-14,553.880,seconds
"text=""Mitt Romney""",2012-02-15,565.460,seconds
"text=""Mitt Romney""",2012-02-16,599.349,seconds
"text=""Mitt Romney""",2012-02-17,372.800,seconds
"text=""Mitt Romney""",2012-02-18,173.176,seconds
"text=""Mitt Romney""",2012-02-19,213.950,seconds
"text=""Mitt Romney""",2012-02-20,475.782,seconds
"text=""Mitt Romney""",2012-02-21,541.324,seconds
"text=""Mitt Romney""",2012-02-22,648.347,seconds
"text=""Mitt Romney""",2012-02-23,521.834,seconds
"text=""Mitt Romney""",2012-02-24,451.913,seconds
"text=""Mitt Romney""",2012-02-25,315.696,seconds
"text=""Mitt Romney""",2012-02-26,426.341,seconds
"text=""Mitt Romney""",2012-02-27,485.473,seconds
"text=""Mitt Romney""",2012-02-28,1199.048,seconds
"text=""Mitt Romney""",2012-02-29,963.350,seconds
"text=""Mitt Romney""",2012-03-01,465.866,seconds
"text=""Mitt Romney""",2012-03-02,293.426,seconds
"text=""Mitt Romney""",2012-03-03,279.964,seconds
"text=""Mitt Romney""",2012-03-04,445.056,seconds
"text=""Mitt Romney""",2012-03-05,646.715,seconds
"text=""Mitt Romney""",2012-03-06,1036.661,seconds
"text=""Mitt Romney""",2012-03-07,1243.959,seconds
"text=""Mitt Romney""",2012-03-08,643.461,seconds
"text=""Mitt Romney""",2012-03-09,369.941,seconds
"text=""Mitt Romney""",2012-03-10,286.283,seconds
"text=""Mitt Romney""",2012-03-11,300.820,seconds
"text=""Mitt Romney""",2012-03-12,342.425,seconds
"text=""Mitt Romney""",2012-03-13,780.226,seconds
"text=""Mitt Romney""",2012-03-14,977.599,seconds
"text=""Mitt Romney""",2012-03-15,478.111,seconds
"text=""Mitt Romney""",2012-03-16,339,seconds
"text=""Mitt Romney""",2012-03-17,164,seconds
"text=""Mitt Romney""",2012-03-18,298.180,seconds
"text=""Mitt Romney""",2012-03-19,448.519,seconds
"text=""Mitt Romney""",2012-03-20,670.579,seconds
"text=""Mitt Romney""",2012-03-21,818.571,seconds
"text=""Mitt Romney""",2012-03-22,463.895,seconds
"text=""Mitt Romney""",2012-03-23,386.553,seconds
"text=""Mitt Romney""",2012-03-24,293.695,seconds
"text=""Mitt Romney""",2012-03-25,238.580,seconds
"text=""Mitt Romney""",2012-03-26,298.702,seconds
"text=""Mitt Romney""",2012-03-27,302.582,seconds
"text=""Mitt Romney""",2012-03-28,270,seconds
"text=""Mitt Romney""",2012-03-29,420.013,seconds
"text=""Mitt Romney""",2012-03-30,384.221,seconds
"text=""Mitt Romney""",2012-03-31,237.287,seconds
"text=""Mitt Romney""",2012-04-01,224,seconds
"text=""Mitt Romney""",2012-04-02,596.605,seconds
"text=""Mitt Romney""",2012-04-03,819.064,seconds
"text=""Mitt Romney""",2012-04-04,945.484,seconds
"text=""Mitt Romney""",2012-04-05,523.525,seconds
"text=""Mitt Romney""",2012-04-06,325.194,seconds
"text=""Mitt Romney""",2012-04-07,195.773,seconds
"text=""Mitt Romney""",2012-04-08,183,seconds
"text=""Mitt Romney""",2012-04-09,370,seconds
"text=""Mitt Romney""",2012-04-10,692.628,seconds
"text=""Mitt Romney""",2012-04-11,550.844,seconds
"text=""Mitt Romney""",2012-04-12,417.412,seconds
"text=""Mitt Romney""",2012-04-13,478.662,seconds
"text=""Mitt Romney""",2012-04-14,279.897,seconds
"text=""Mitt Romney""",2012-04-15,210.752,seconds
"text=""Mitt Romney""",2012-04-16,412.910,seconds
"text=""Mitt Romney""",2012-04-17,642.323,seconds
"text=""Mitt Romney""",2012-04-18,629.179,seconds
"text=""Mitt Romney""",2012-04-19,672.841,seconds
"text=""Mitt Romney""",2012-04-20,460.393,seconds
"text=""Mitt Romney""",2012-04-21,198.964,seconds
"text=""Mitt Romney""",2012-04-22,190,seconds
"text=""Mitt Romney""",2012-04-23,420.767,seconds
"text=""Mitt Romney""",2012-04-24,708.062,seconds
"text=""Mitt Romney""",2012-04-25,797.291,seconds
"text=""Mitt Romney""",2012-04-26,538.391,seconds
"text=""Mitt Romney""",2012-04-27,364.507,seconds
"text=""Mitt Romney""",2012-04-28,277.301,seconds
"text=""Mitt Romney""",2012-04-29,358.395,seconds
"text=""Mitt Romney""",2012-04-30,581.141,seconds
"text=""Mitt Romney""",2012-05-01,557.205,seconds
"text=""Mitt Romney""",2012-05-02,585.168,seconds
"text=""Mitt Romney""",2012-05-03,698.854,seconds
"text=""Mitt Romney""",2012-05-04,505.136,seconds
"text=""Mitt Romney""",2012-05-05,239.753,seconds
"text=""Mitt Romney""",2012-05-06,270.567,seconds
"text=""Mitt Romney""",2012-05-07,450.681,seconds
"text=""Mitt Romney""",2012-05-08,475.466,seconds
"text=""Mitt Romney""",2012-05-09,483.771,seconds
"text=""Mitt Romney""",2012-05-10,531.356,seconds
"text=""Mitt Romney""",2012-05-11,650.846,seconds
"text=""Mitt Romney""",2012-05-12,360.722,seconds
"text=""Mitt Romney""",2012-05-13,216.126,seconds
"text=""Mitt Romney""",2012-05-14,507.091,seconds
"text=""Mitt Romney""",2012-05-15,684.929,seconds
"text=""Mitt Romney""",2012-05-16,603.146,seconds
"text=""Mitt Romney""",2012-05-17,515.555,seconds
"text=""Mitt Romney""",2012-05-18,468.110,seconds
"text=""Mitt Romney""",2012-05-19,188.900,seconds
"text=""Mitt Romney""",2012-05-20,241.912,seconds
"text=""Mitt Romney""",2012-05-21,405.062,seconds
"text=""Mitt Romney""",2012-05-22,660.751,seconds
"text=""Mitt Romney""",2012-05-23,613.751,seconds
"text=""Mitt Romney""",2012-05-24,647.844,seconds
"text=""Mitt Romney""",2012-05-25,567.625,seconds
"text=""Mitt Romney""",2012-05-26,220,seconds
"text=""Mitt Romney""",2012-05-27,209.370,seconds
"text=""Mitt Romney""",2012-05-28,251.718,seconds
"text=""Mitt Romney""",2012-05-29,634.175,seconds
"text=""Mitt Romney""",2012-05-30,866.531,seconds
"text=""Mitt Romney""",2012-05-31,530.876,seconds
"text=""Mitt Romney""",2012-06-01,427,seconds
"text=""Mitt Romney""",2012-06-02,196.215,seconds
"text=""Mitt Romney""",2012-06-03,135.679,seconds
"text=""Mitt Romney""",2012-06-04,345,seconds
"text=""Mitt Romney""",2012-06-05,345.209,seconds
"text=""Mitt Romney""",2012-06-06,362.688,seconds
"text=""Mitt Romney""",2012-06-07,447.622,seconds
"text=""Mitt Romney""",2012-06-08,356.600,seconds
"text=""Mitt Romney""",2012-06-09,181,seconds
"text=""Mitt Romney""",2012-06-10,132,seconds
"text=""Mitt Romney""",2012-06-11,291,seconds
"text=""Mitt Romney""",2012-06-12,343.896,seconds
"text=""Mitt Romney""",2012-06-13,317.949,seconds
"text=""Mitt Romney""",2012-06-14,456.960,seconds
"text=""Mitt Romney""",2012-06-15,351.986,seconds
"text=""Mitt Romney""",2012-06-16,138,seconds
"text=""Mitt Romney""",2012-06-17,206.393,seconds
"text=""Mitt Romney""",2012-06-18,521.154,seconds
"text=""Mitt Romney""",2012-06-19,450.044,seconds
"text=""Mitt Romney""",2012-06-20,352.425,seconds
"text=""Mitt Romney""",2012-06-21,407,seconds
"text=""Mitt Romney""",2012-06-22,404.030,seconds
"text=""Mitt Romney""",2012-06-23,130,seconds
"text=""Mitt Romney""",2012-06-24,174.950,seconds
"text=""Mitt Romney""",2012-06-25,286.674,seconds
"text=""Mitt Romney""",2012-06-26,339.362,seconds
"text=""Mitt Romney""",2012-06-27,333.665,seconds
"text=""Mitt Romney""",2012-06-28,410.001,seconds
"text=""Mitt Romney""",2012-06-29,395.764,seconds
"text=""Mitt Romney""",2012-06-30,145,seconds
"text=""Mitt Romney""",2012-07-01,162.361,seconds
"text=""Mitt Romney""",2012-07-02,432.406,seconds
"text=""Mitt Romney""",2012-07-03,441.593,seconds
"text=""Mitt Romney""",2012-07-04,201.023,seconds
"text=""Mitt Romney""",2012-07-05,638.624,seconds
"text=""Mitt Romney""",2012-07-06,551.546,seconds
"text=""Mitt Romney""",2012-07-07,167.304,seconds
"text=""Mitt Romney""",2012-07-08,303.393,seconds
"text=""Mitt Romney""",2012-07-09,559.864,seconds
"text=""Mitt Romney""",2012-07-10,619.737,seconds
"text=""Mitt Romney""",2012-07-11,635.370,seconds
"text=""Mitt Romney""",2012-07-12,798.270,seconds
"text=""Mitt Romney""",2012-07-13,766.699,seconds
"text=""Mitt Romney""",2012-07-14,406.655,seconds
"text=""Mitt Romney""",2012-07-15,304.718,seconds
"text=""Mitt Romney""",2012-07-16,783.062,seconds
"text=""Mitt Romney""",2012-07-17,638.121,seconds
"text=""Mitt Romney""",2012-07-18,669.078,seconds
"text=""Mitt Romney""",2012-07-19,543.629,seconds
"text=""Mitt Romney""",2012-07-20,229.980,seconds
"text=""Mitt Romney""",2012-07-21,50,seconds
"text=""Mitt Romney""",2012-07-22,178,seconds
"text=""Mitt Romney""",2012-07-23,210,seconds
"text=""Mitt Romney""",2012-07-24,443.773,seconds
"text=""Mitt Romney""",2012-07-25,420.940,seconds
"text=""Mitt Romney""",2012-07-26,546.786,seconds
"text=""Mitt Romney""",2012-07-27,716.984,seconds
"text=""Mitt Romney""",2012-07-28,211.480,seconds
"text=""Mitt Romney""",2012-07-29,313.591,seconds
"text=""Mitt Romney""",2012-07-30,411.017,seconds
"text=""Mitt Romney""",2012-07-31,410.810,seconds
"text=""Mitt Romney""",2012-08-01,345,seconds
"text=""Mitt Romney""",2012-08-02,400.639,seconds
"text=""Mitt Romney""",2012-08-03,456.276,seconds
"text=""Mitt Romney""",2012-08-04,252.840,seconds
"text=""Mitt Romney""",2012-08-05,190.861,seconds
"text=""Mitt Romney""",2012-08-06,270.779,seconds
"text=""Mitt Romney""",2012-08-07,575.779,seconds
"text=""Mitt Romney""",2012-08-08,689.533,seconds
"text=""Mitt Romney""",2012-08-09,694.973,seconds
"text=""Mitt Romney""",2012-08-10,573.259,seconds
"text=""Mitt Romney""",2012-08-11,1168.879,seconds
"text=""Mitt Romney""",2012-08-12,575.673,seconds
"text=""Mitt Romney""",2012-08-13,829.278,seconds
"text=""Mitt Romney""",2012-08-14,751.546,seconds
"text=""Mitt Romney""",2012-08-15,639.867,seconds
"text=""Mitt Romney""",2012-08-16,631.233,seconds
"text=""Mitt Romney""",2012-08-17,605.735,seconds
"text=""Mitt Romney""",2012-08-18,316.569,seconds
"text=""Mitt Romney""",2012-08-19,334.745,seconds
"text=""Mitt Romney""",2012-08-20,541.405,seconds
"text=""Mitt Romney""",2012-08-21,641.763,seconds
"text=""Mitt Romney""",2012-08-22,754.544,seconds
"text=""Mitt Romney""",2012-08-23,641.350,seconds
"text=""Mitt Romney""",2012-08-24,687.682,seconds
"text=""Mitt Romney""",2012-08-25,458.675,seconds
"text=""Mitt Romney""",2012-08-26,713.779,seconds
"text=""Mitt Romney""",2012-08-27,912.548,seconds
"text=""Mitt Romney""",2012-08-28,997.877,seconds
"text=""Mitt Romney""",2012-08-29,738.062,seconds
"text=""Mitt Romney""",2012-08-30,1461.532,seconds
"text=""Mitt Romney""",2012-08-31,1085.633,seconds
"text=""Mitt Romney""",2012-09-01,533.193,seconds
"text=""Mitt Romney""",2012-09-02,331.098,seconds
"text=""Mitt Romney""",2012-09-03,597.720,seconds
"text=""Mitt Romney""",2012-09-04,522.829,seconds
"text=""Mitt Romney""",2012-09-05,546.828,seconds
"text=""Mitt Romney""",2012-09-06,283.764,seconds
"text=""Mitt Romney""",2012-09-07,454.043,seconds
"text=""Mitt Romney""",2012-09-08,380.450,seconds
"text=""Mitt Romney""",2012-09-09,304.033,seconds
"text=""Mitt Romney""",2012-09-10,641.678,seconds
"text=""Mitt Romney""",2012-09-11,453.649,seconds
"text=""Mitt Romney""",2012-09-12,535.374,seconds
"text=""Mitt Romney""",2012-09-13,594.424,seconds
"text=""Mitt Romney""",2012-09-14,583.903,seconds
"text=""Mitt Romney""",2012-09-15,503.579,seconds
"text=""Mitt Romney""",2012-09-16,371.058,seconds
"text=""Mitt Romney""",2012-09-17,569.584,seconds
"text=""Mitt Romney""",2012-09-18,1127.843,seconds
"text=""Mitt Romney""",2012-09-19,1162.387,seconds
"text=""Mitt Romney""",2012-09-20,940.404,seconds
"text=""Mitt Romney""",2012-09-21,868.227,seconds
"text=""Mitt Romney""",2012-09-22,687.896,seconds
"text=""Mitt Romney""",2012-09-23,462.839,seconds
"text=""Mitt Romney""",2012-09-24,667.852,seconds
"text=""Mitt Romney""",2012-09-25,653.973,seconds
"text=""Mitt Romney""",2012-09-26,738.388,seconds
"text=""Mitt Romney""",2012-09-27,641.465,seconds
"text=""Mitt Romney""",2012-09-28,777.791,seconds
"text=""Mitt Romney""",2012-09-29,599.326,seconds
"text=""Mitt Romney""",2012-09-30,433.169,seconds
"text=""Mitt Romney""",2012-10-01,767.971,seconds
"text=""Mitt Romney""",2012-10-02,798.907,seconds
"text=""Mitt Romney""",2012-10-03,1043.682,seconds
"text=""Mitt Romney""",2012-10-04,1529.467,seconds
"text=""Mitt Romney""",2012-10-05,1093.367,seconds
"text=""Mitt Romney""",2012-10-06,747.233,seconds
"text=""Mitt Romney""",2012-10-07,606.769,seconds
"text=""Mitt Romney""",2012-10-08,1073.540,seconds
"text=""Mitt Romney""",2012-10-09,1031.582,seconds
"text=""Mitt Romney""",2012-10-10,995.477,seconds
"text=""Mitt Romney""",2012-10-11,794.841,seconds
"text=""Mitt Romney""",2012-10-12,506.405,seconds
"text=""Mitt Romney""",2012-10-13,487.544,seconds
"text=""Mitt Romney""",2012-10-14,386.206,seconds
"text=""Mitt Romney""",2012-10-15,816.133,seconds
"text=""Mitt Romney""",2012-10-16,941.245,seconds
"text=""Mitt Romney""",2012-10-17,1048.904,seconds
"text=""Mitt Romney""",2012-10-18,942.551,seconds
"text=""Mitt Romney""",2012-10-19,760.439,seconds
"text=""Mitt Romney""",2012-10-20,576.184,seconds
"text=""Mitt Romney""",2012-10-21,335.594,seconds
"text=""Mitt Romney""",2012-10-22,971.596,seconds
"text=""Mitt Romney""",2012-10-23,1062.430,seconds
"text=""Mitt Romney""",2012-10-24,760.494,seconds
"text=""Mitt Romney""",2012-10-25,918.546,seconds
"text=""Mitt Romney""",2012-10-26,756.524,seconds
"text=""Mitt Romney""",2012-10-27,524.449,seconds
"text=""Mitt Romney""",2012-10-28,320.464,seconds
"text=""Mitt Romney""",2012-10-29,335,seconds
"text=""Mitt Romney""",2012-10-30,300.989,seconds
"text=""Mitt Romney""",2012-10-31,582.594,seconds
"text=""Mitt Romney""",2012-11-01,624.007,seconds
"text=""Mitt Romney""",2012-11-02,548.871,seconds
"text=""Mitt Romney""",2012-11-03,834.429,seconds
"text=""Mitt Romney""",2012-11-04,916.047,seconds
"text=""Mitt Romney""",2012-11-05,928.435,seconds
"text=""Mitt Romney""",2012-11-06,873.527,seconds
"text=""Mitt Romney""",2011-01-29,0,seconds
"text=""Mitt Romney""",2011-02-05,0,seconds
"text=""Mitt Romney""",2011-02-06,0,seconds
"text=""Mitt Romney""",2011-02-20,0,seconds
"text=""Mitt Romney""",2011-03-12,0,seconds
"text=""Mitt Romney""",2011-03-19,0,seconds
"text=""Mitt Romney""",2011-03-20,0,seconds
"text=""Mitt Romney""",2011-04-09,0,seconds
"text=""Mitt Romney""",2011-05-02,0,seconds
"text=""Mitt Romney""",2011-08-28,0,seconds